GROUP A,GROUP B
14.8372245966585,17.5913295507212
14.3609850995217,15.8897480000998
16.4984512432025,16.1083409196569
12.892680687785,16.2819111092654
14.3471840337735,16.4103555113741
15.149917250579,15.871640916116
12.0472683445417,16.6845886588545
14.1733725233955,15.9210790000631
14.0884301876842,15.7353298714612
13.2879370573199,17.455863474754
16.1908882534223,16.7654083357503
